Video No,Link
videoNo 1,https://api.codewithharry.com/media/videoSeriesFiles/courseFiles/java-tutorials-for-beginners-1/IntroToJava.pdf
videoNo 1,https://api.codewithharry.com/media/videoSeriesFiles/courseFiles/java-tutorials-for-beginners-1/UltimateJavaCheatSheet.pdf
videoNo 2,https://api.codewithharry.com/media/videoSeriesFiles/courseFiles/java-tutorials-for-beginners-2/IntroToJava.pdf
videoNo 2,https://api.codewithharry.com/media/videoSeriesFiles/courseFiles/java-tutorials-for-beginners-2/UltimateJavaCheatSheet.pdf
videoNo 3,https://api.codewithharry.com/media/videoSeriesFiles/courseFiles/java-tutorials-for-beginners-3/JavaChapter1.pdf
videoNo 3,https://api.codewithharry.com/media/videoSeriesFiles/courseFiles/java-tutorials-for-beginners-3/UltimateJavaCheatSheet.pdf
videoNo 4,https://api.codewithharry.com/media/videoSeriesFiles/courseFiles/java-tutorials-for-beginners-4/JavaChapter1.pdf
videoNo 4,https://api.codewithharry.com/media/videoSeriesFiles/courseFiles/java-tutorials-for-beginners-4/UltimateJavaCheatSheet.pdf
videoNo 5,https://api.codewithharry.com/media/videoSeriesFiles/courseFiles/java-tutorials-for-beginners-5/JavaChapter1.pdf
videoNo 5,https://api.codewithharry.com/media/videoSeriesFiles/courseFiles/java-tutorials-for-beginners-5/UltimateJavaCheatSheet.pdf
videoNo 6,https://api.codewithharry.com/media/videoSeriesFiles/courseFiles/java-tutorials-for-beginners-6/JavaChapter1.pdf
videoNo 6,https://api.codewithharry.com/media/videoSeriesFiles/courseFiles/java-tutorials-for-beginners-6/UltimateJavaCheatSheet.pdf
videoNo 7,https://api.codewithharry.com/media/videoSeriesFiles/courseFiles/java-tutorials-for-beginners-7/JavaChapter1PracticeSet.pdf
videoNo 7,https://api.codewithharry.com/media/videoSeriesFiles/courseFiles/java-tutorials-for-beginners-7/UltimateJavaCheatSheet.pdf
videoNo 8,https://api.codewithharry.com/media/videoSeriesFiles/courseFiles/java-tutorials-for-beginners-8/Chapter2.pdf
videoNo 8,https://api.codewithharry.com/media/videoSeriesFiles/courseFiles/java-tutorials-for-beginners-8/UltimateJavaCheatSheet.pdf
videoNo 9,https://api.codewithharry.com/media/videoSeriesFiles/courseFiles/java-tutorials-for-beginners-9/Chapter2.pdf
videoNo 9,https://api.codewithharry.com/media/videoSeriesFiles/courseFiles/java-tutorials-for-beginners-9/UltimateJavaCheatSheet.pdf
videoNo 10,https://api.codewithharry.com/media/videoSeriesFiles/courseFiles/java-tutorials-for-beginners-10/Chapter2.pdf
videoNo 10,https://api.codewithharry.com/media/videoSeriesFiles/courseFiles/java-tutorials-for-beginners-10/UltimateJavaCheatSheet.pdf
videoNo 11,https://api.codewithharry.com/media/videoSeriesFiles/courseFiles/java-tutorials-for-beginners-11/UltimateJavaCheatSheet.pdf
videoNo 12,https://api.codewithharry.com/media/videoSeriesFiles/courseFiles/java-tutorials-for-beginners-12/Ch2_Practice.pdf
videoNo 12,https://api.codewithharry.com/media/videoSeriesFiles/courseFiles/java-tutorials-for-beginners-12/UltimateJavaCheatSheet.pdf
videoNo 13,https://api.codewithharry.com/media/videoSeriesFiles/courseFiles/java-tutorials-for-beginners-13/Ch3Strings.pdf
videoNo 13,https://api.codewithharry.com/media/videoSeriesFiles/courseFiles/java-tutorials-for-beginners-13/UltimateJavaCheatSheet.pdf
videoNo 14,https://api.codewithharry.com/media/videoSeriesFiles/courseFiles/java-tutorials-for-beginners-14/Ch3Strings.pdf
videoNo 14,https://api.codewithharry.com/media/videoSeriesFiles/courseFiles/java-tutorials-for-beginners-14/UltimateJavaCheatSheet.pdf
videoNo 15,../../static/common/uploads/Chapter_3_-_Practice_Set.pdf
videoNo 15,https://api.codewithharry.com/media/videoSeriesFiles/courseFiles/java-tutorials-for-beginners-15/UltimateJavaCheatSheet.pdf
videoNo 16,https://api.codewithharry.com/media/videoSeriesFiles/courseFiles/java-tutorials-for-beginners-16/ch4conditional.pdf
videoNo 16,https://api.codewithharry.com/media/videoSeriesFiles/courseFiles/java-tutorials-for-beginners-16/UltimateJavaCheatSheet.pdf
videoNo 17,https://api.codewithharry.com/media/videoSeriesFiles/courseFiles/java-tutorials-for-beginners-17/ch4conditional.pdf
videoNo 17,https://api.codewithharry.com/media/videoSeriesFiles/courseFiles/java-tutorials-for-beginners-17/UltimateJavaCheatSheet.pdf
videoNo 18,https://api.codewithharry.com/media/videoSeriesFiles/courseFiles/java-tutorials-for-beginners-18/ch4conditional.pdf
videoNo 18,https://api.codewithharry.com/media/videoSeriesFiles/courseFiles/java-tutorials-for-beginners-18/UltimateJavaCheatSheet.pdf
videoNo 19,https://api.codewithharry.com/media/videoSeriesFiles/courseFiles/java-tutorials-for-beginners-19/ch4practiceset.pdf
videoNo 19,https://api.codewithharry.com/media/videoSeriesFiles/courseFiles/java-tutorials-for-beginners-19/UltimateJavaCheatSheet.pdf
videoNo 20,https://api.codewithharry.com/media/videoSeriesFiles/courseFiles/java-tutorials-for-beginners-20/UltimateJavaCheatSheet.pdf
videoNo 21,https://api.codewithharry.com/media/videoSeriesFiles/courseFiles/java-tutorials-for-beginners-21/Chapter_5.pdf
videoNo 21,https://api.codewithharry.com/media/videoSeriesFiles/courseFiles/java-tutorials-for-beginners-21/UltimateJavaCheatSheet.pdf
videoNo 22,https://api.codewithharry.com/media/videoSeriesFiles/courseFiles/java-tutorials-for-beginners-22/Chapter_5.pdf
videoNo 22,https://api.codewithharry.com/media/videoSeriesFiles/courseFiles/java-tutorials-for-beginners-22/Chapter_5.pdf
videoNo 22,https://api.codewithharry.com/media/videoSeriesFiles/courseFiles/java-tutorials-for-beginners-22/UltimateJavaCheatSheet.pdf
videoNo 23,https://api.codewithharry.com/media/videoSeriesFiles/courseFiles/java-tutorials-for-beginners-23/Chapter_5.pdf
videoNo 23,https://api.codewithharry.com/media/videoSeriesFiles/courseFiles/java-tutorials-for-beginners-23/UltimateJavaCheatSheet.pdf
videoNo 24,https://api.codewithharry.com/media/videoSeriesFiles/courseFiles/java-tutorials-for-beginners-24/Chapter_5.pdf
videoNo 24,https://api.codewithharry.com/media/videoSeriesFiles/courseFiles/java-tutorials-for-beginners-24/UltimateJavaCheatSheet.pdf
videoNo 25,https://api.codewithharry.com/media/videoSeriesFiles/courseFiles/java-tutorials-for-beginners-25/Chapter_5__Practice_Set.pdf
videoNo 25,https://api.codewithharry.com/media/videoSeriesFiles/courseFiles/java-tutorials-for-beginners-25/UltimateJavaCheatSheet.pdf
videoNo 26,https://api.codewithharry.com/media/videoSeriesFiles/courseFiles/java-tutorials-for-beginners-26/Chapter_6_Arrays.pdf
videoNo 26,https://api.codewithharry.com/media/videoSeriesFiles/courseFiles/java-tutorials-for-beginners-26/UltimateJavaCheatSheet.pdf
videoNo 27,https://api.codewithharry.com/media/videoSeriesFiles/courseFiles/java-tutorials-for-beginners-27/Chapter_6_Arrays.pdf
videoNo 27,https://api.codewithharry.com/media/videoSeriesFiles/courseFiles/java-tutorials-for-beginners-27/UltimateJavaCheatSheet.pdf
videoNo 28,https://api.codewithharry.com/media/videoSeriesFiles/courseFiles/java-tutorials-for-beginners-28/Chapter_6_Arrays.pdf
videoNo 28,https://api.codewithharry.com/media/videoSeriesFiles/courseFiles/java-tutorials-for-beginners-28/UltimateJavaCheatSheet.pdf
videoNo 29,https://api.codewithharry.com/media/videoSeriesFiles/courseFiles/java-tutorials-for-beginners-29/Chapter_6_Practice_Set.pdf
videoNo 29,https://api.codewithharry.com/media/videoSeriesFiles/courseFiles/java-tutorials-for-beginners-29/UltimateJavaCheatSheet.pdf
videoNo 30,https://api.codewithharry.com/media/videoSeriesFiles/courseFiles/java-tutorials-for-beginners-30/UltimateJavaCheatSheet.pdf
videoNo 31,https://api.codewithharry.com/media/videoSeriesFiles/courseFiles/java-tutorials-for-beginners-31/Ch7.pdf
videoNo 31,https://api.codewithharry.com/media/videoSeriesFiles/courseFiles/java-tutorials-for-beginners-31/UltimateJavaCheatSheet.pdf
videoNo 32,https://api.codewithharry.com/media/videoSeriesFiles/courseFiles/java-tutorials-for-beginners-32/Ch7.pdf
videoNo 32,https://api.codewithharry.com/media/videoSeriesFiles/courseFiles/java-tutorials-for-beginners-32/UltimateJavaCheatSheet.pdf
videoNo 33,https://api.codewithharry.com/media/videoSeriesFiles/courseFiles/java-tutorials-for-beginners-33/Ch7.pdf
videoNo 33,https://api.codewithharry.com/media/videoSeriesFiles/courseFiles/java-tutorials-for-beginners-33/UltimateJavaCheatSheet.pdf
videoNo 34,https://api.codewithharry.com/media/videoSeriesFiles/courseFiles/java-tutorials-for-beginners-34/Ch7.pdf
videoNo 34,https://api.codewithharry.com/media/videoSeriesFiles/courseFiles/java-tutorials-for-beginners-34/UltimateJavaCheatSheet.pdf
videoNo 35,https://api.codewithharry.com/media/videoSeriesFiles/courseFiles/java-tutorials-for-beginners-35/Chapter7_PracticeSet.pdf
videoNo 35,https://api.codewithharry.com/media/videoSeriesFiles/courseFiles/java-tutorials-for-beginners-35/UltimateJavaCheatSheet.pdf
videoNo 35,https://api.codewithharry.com/media/videoSeriesFiles/courseFiles/java-tutorials-for-beginners-35/UltimateJavaCheatSheet.pdf
videoNo 35,https://api.codewithharry.com/media/videoSeriesFiles/courseFiles/java-tutorials-for-beginners-35/UltimateJavaCheatSheet.pdf
videoNo 36,https://api.codewithharry.com/media/videoSeriesFiles/courseFiles/java-tutorials-for-beginners-36/Ch8.pdf
videoNo 36,https://api.codewithharry.com/media/videoSeriesFiles/courseFiles/java-tutorials-for-beginners-36/UltimateJavaCheatSheet.pdf
videoNo 37,https://api.codewithharry.com/media/videoSeriesFiles/courseFiles/java-tutorials-for-beginners-37/Ch8.pdf
videoNo 37,https://api.codewithharry.com/media/videoSeriesFiles/courseFiles/java-tutorials-for-beginners-37/UltimateJavaCheatSheet.pdf
videoNo 38,https://api.codewithharry.com/media/videoSeriesFiles/courseFiles/java-tutorials-for-beginners-38/Ch8.pdf
videoNo 38,https://api.codewithharry.com/media/videoSeriesFiles/courseFiles/java-tutorials-for-beginners-38/Ch8.pdf
videoNo 38,https://api.codewithharry.com/media/videoSeriesFiles/courseFiles/java-tutorials-for-beginners-38/Ch8.pdf
videoNo 38,https://api.codewithharry.com/media/videoSeriesFiles/courseFiles/java-tutorials-for-beginners-38/UltimateJavaCheatSheet.pdf
videoNo 39,https://api.codewithharry.com/media/videoSeriesFiles/courseFiles/java-tutorials-for-beginners-39/Ch8_PS.pdf
videoNo 39,https://api.codewithharry.com/media/videoSeriesFiles/courseFiles/java-tutorials-for-beginners-39/UltimateJavaCheatSheet.pdf
videoNo 40,https://api.codewithharry.com/media/videoSeriesFiles/courseFiles/java-tutorials-for-beginners-40/Chapter9.pdf
videoNo 40,https://api.codewithharry.com/media/videoSeriesFiles/courseFiles/java-tutorials-for-beginners-40/UltimateJavaCheatSheet.pdf
videoNo 41,https://api.codewithharry.com/media/videoSeriesFiles/courseFiles/java-tutorials-for-beginners-41/UltimateJavaCheatSheet.pdf
videoNo 42,https://api.codewithharry.com/media/videoSeriesFiles/courseFiles/java-tutorials-for-beginners-42/Chapter9.pdf
videoNo 42,https://api.codewithharry.com/media/videoSeriesFiles/courseFiles/java-tutorials-for-beginners-42/UltimateJavaCheatSheet.pdf
videoNo 43,https://api.codewithharry.com/media/videoSeriesFiles/courseFiles/java-tutorials-for-beginners-43/UltimateJavaCheatSheet.pdf
videoNo 44,https://api.codewithharry.com/media/videoSeriesFiles/courseFiles/java-tutorials-for-beginners-44/Ch9PS.pdf
videoNo 44,https://api.codewithharry.com/media/videoSeriesFiles/courseFiles/java-tutorials-for-beginners-44/UltimateJavaCheatSheet.pdf
videoNo 45,https://api.codewithharry.com/media/videoSeriesFiles/courseFiles/java-tutorials-for-beginners-45/Chapter10.pdf
videoNo 45,https://api.codewithharry.com/media/videoSeriesFiles/courseFiles/java-tutorials-for-beginners-45/UltimateJavaCheatSheet.pdf
videoNo 46,https://api.codewithharry.com/media/videoSeriesFiles/courseFiles/java-tutorials-for-beginners-46/JavaChapter10.pdf
videoNo 46,https://api.codewithharry.com/media/videoSeriesFiles/courseFiles/java-tutorials-for-beginners-46/UltimateJavaCheatSheet.pdf
videoNo 47,https://api.codewithharry.com/media/videoSeriesFiles/courseFiles/java-tutorials-for-beginners-47/JavaChapter10.pdf
videoNo 47,https://api.codewithharry.com/media/videoSeriesFiles/courseFiles/java-tutorials-for-beginners-47/UltimateJavaCheatSheet.pdf
videoNo 48,https://api.codewithharry.com/media/videoSeriesFiles/courseFiles/java-tutorials-for-beginners-48/JavaChapter10.pdf
videoNo 48,https://api.codewithharry.com/media/videoSeriesFiles/courseFiles/java-tutorials-for-beginners-48/UltimateJavaCheatSheet.pdf
videoNo 49,https://api.codewithharry.com/media/videoSeriesFiles/courseFiles/java-tutorials-for-beginners-49/JavaChapter10.pdf
videoNo 49,https://api.codewithharry.com/media/videoSeriesFiles/courseFiles/java-tutorials-for-beginners-49/UltimateJavaCheatSheet.pdf
videoNo 50,https://api.codewithharry.com/media/videoSeriesFiles/courseFiles/java-tutorials-for-beginners-50/UltimateJavaCheatSheet.pdf
videoNo 51,https://api.codewithharry.com/media/videoSeriesFiles/courseFiles/java-tutorials-for-beginners-51/UltimateJavaCheatSheet.pdf
videoNo 52,https://api.codewithharry.com/media/videoSeriesFiles/courseFiles/java-tutorials-for-beginners-52/JavaChapter10PracticeSet.pdf
videoNo 52,https://api.codewithharry.com/media/videoSeriesFiles/courseFiles/java-tutorials-for-beginners-52/UltimateJavaCheatSheet.pdf
videoNo 53,https://api.codewithharry.com/media/videoSeriesFiles/courseFiles/java-tutorials-for-beginners-53/JavaChapter11AbstractClasses.pdf
videoNo 53,https://api.codewithharry.com/media/videoSeriesFiles/courseFiles/java-tutorials-for-beginners-53/UltimateJavaCheatSheet.pdf
videoNo 54,https://api.codewithharry.com/media/videoSeriesFiles/courseFiles/java-tutorials-for-beginners-54/JavaChapter11AbstractClasses.pdf
videoNo 54,https://api.codewithharry.com/media/videoSeriesFiles/courseFiles/java-tutorials-for-beginners-54/UltimateJavaCheatSheet.pdf
videoNo 55,https://api.codewithharry.com/media/videoSeriesFiles/courseFiles/java-tutorials-for-beginners-55/JavaChapter11AbstractClasses.pdf
videoNo 55,https://api.codewithharry.com/media/videoSeriesFiles/courseFiles/java-tutorials-for-beginners-55/UltimateJavaCheatSheet.pdf
videoNo 56,https://api.codewithharry.com/media/videoSeriesFiles/courseFiles/java-tutorials-for-beginners-56/JavaChapter11AbstractClasses.pdf
videoNo 56,https://api.codewithharry.com/media/videoSeriesFiles/courseFiles/java-tutorials-for-beginners-56/UltimateJavaCheatSheet.pdf
videoNo 57,https://api.codewithharry.com/media/videoSeriesFiles/courseFiles/java-tutorials-for-beginners-57/JavaChapter11AbstractClasses.pdf
videoNo 57,https://api.codewithharry.com/media/videoSeriesFiles/courseFiles/java-tutorials-for-beginners-57/UltimateJavaCheatSheet.pdf
videoNo 58,https://api.codewithharry.com/media/videoSeriesFiles/courseFiles/java-tutorials-for-beginners-58/JavaChapter11AbstractClasses.pdf
videoNo 58,https://api.codewithharry.com/media/videoSeriesFiles/courseFiles/java-tutorials-for-beginners-58/UltimateJavaCheatSheet.pdf
videoNo 59,https://api.codewithharry.com/media/videoSeriesFiles/courseFiles/java-tutorials-for-beginners-59/JavaChapter11AbstractClasses.pdf
videoNo 59,https://api.codewithharry.com/media/videoSeriesFiles/courseFiles/java-tutorials-for-beginners-59/UltimateJavaCheatSheet.pdf
videoNo 60,https://api.codewithharry.com/media/videoSeriesFiles/courseFiles/java-tutorials-for-beginners-60/Chapter11PS.pdf
videoNo 60,https://api.codewithharry.com/media/videoSeriesFiles/courseFiles/java-tutorials-for-beginners-60/UltimateJavaCheatSheet.pdf
videoNo 61,https://api.codewithharry.com/media/videoSeriesFiles/courseFiles/java-tutorials-for-beginners-61/UltimateJavaCheatSheet.pdf
videoNo 62,https://api.codewithharry.com/media/videoSeriesFiles/courseFiles/java-tutorials-for-beginners-62/ch12notes.pdf
videoNo 62,https://api.codewithharry.com/media/videoSeriesFiles/courseFiles/java-tutorials-for-beginners-62/UltimateJavaCheatSheet.pdf
videoNo 63,https://api.codewithharry.com/media/videoSeriesFiles/courseFiles/java-tutorials-for-beginners-63/ch12notes.pdf
videoNo 63,https://api.codewithharry.com/media/videoSeriesFiles/courseFiles/java-tutorials-for-beginners-63/UltimateJavaCheatSheet.pdf
videoNo 64,https://api.codewithharry.com/media/videoSeriesFiles/courseFiles/java-tutorials-for-beginners-64/ch12notes.pdf
videoNo 64,https://api.codewithharry.com/media/videoSeriesFiles/courseFiles/java-tutorials-for-beginners-64/UltimateJavaCheatSheet.pdf
videoNo 65,https://api.codewithharry.com/media/videoSeriesFiles/courseFiles/java-tutorials-for-beginners-65/ch12notes.pdf
videoNo 65,https://api.codewithharry.com/media/videoSeriesFiles/courseFiles/java-tutorials-for-beginners-65/UltimateJavaCheatSheet.pdf
videoNo 66,https://api.codewithharry.com/media/videoSeriesFiles/courseFiles/java-tutorials-for-beginners-66/ch12notes.pdf
videoNo 66,https://api.codewithharry.com/media/videoSeriesFiles/courseFiles/java-tutorials-for-beginners-66/UltimateJavaCheatSheet.pdf
videoNo 67,https://api.codewithharry.com/media/videoSeriesFiles/courseFiles/java-tutorials-for-beginners-67/Ch12psJava.pdf
videoNo 67,https://api.codewithharry.com/media/videoSeriesFiles/courseFiles/java-tutorials-for-beginners-67/UltimateJavaCheatSheet.pdf
videoNo 68,https://api.codewithharry.com/media/videoSeriesFiles/courseFiles/java-tutorials-for-beginners-68/UltimateJavaCheatSheet.pdf
videoNo 69,https://api.codewithharry.com/media/videoSeriesFiles/courseFiles/java-tutorials-for-beginners-69/Ch13Java.pdf
videoNo 69,https://api.codewithharry.com/media/videoSeriesFiles/courseFiles/java-tutorials-for-beginners-69/UltimateJavaCheatSheet.pdf
videoNo 70,https://api.codewithharry.com/media/videoSeriesFiles/courseFiles/java-tutorials-for-beginners-70/Ch13Java.pdf
videoNo 70,https://api.codewithharry.com/media/videoSeriesFiles/courseFiles/java-tutorials-for-beginners-70/UltimateJavaCheatSheet.pdf
videoNo 71,https://api.codewithharry.com/media/videoSeriesFiles/courseFiles/java-tutorials-for-beginners-71/Ch13Java.pdf
videoNo 71,https://api.codewithharry.com/media/videoSeriesFiles/courseFiles/java-tutorials-for-beginners-71/UltimateJavaCheatSheet.pdf
videoNo 72,https://api.codewithharry.com/media/videoSeriesFiles/courseFiles/java-tutorials-for-beginners-72/Ch13Java.pdf
videoNo 72,https://api.codewithharry.com/media/videoSeriesFiles/courseFiles/java-tutorials-for-beginners-72/UltimateJavaCheatSheet.pdf
videoNo 73,https://api.codewithharry.com/media/videoSeriesFiles/courseFiles/java-tutorials-for-beginners-73/Ch13Java.pdf
videoNo 73,https://api.codewithharry.com/media/videoSeriesFiles/courseFiles/java-tutorials-for-beginners-73/UltimateJavaCheatSheet.pdf
videoNo 74,https://api.codewithharry.com/media/videoSeriesFiles/courseFiles/java-tutorials-for-beginners-74/Ch13Java.pdf
videoNo 74,https://api.codewithharry.com/media/videoSeriesFiles/courseFiles/java-tutorials-for-beginners-74/UltimateJavaCheatSheet.pdf
videoNo 75,https://api.codewithharry.com/media/videoSeriesFiles/courseFiles/java-tutorials-for-beginners-75/Ch13Java.pdf
videoNo 75,https://api.codewithharry.com/media/videoSeriesFiles/courseFiles/java-tutorials-for-beginners-75/UltimateJavaCheatSheet.pdf
videoNo 76,https://api.codewithharry.com/media/videoSeriesFiles/courseFiles/java-tutorials-for-beginners-76/Chapter13PracticeSetJava.pdf
videoNo 76,https://api.codewithharry.com/media/videoSeriesFiles/courseFiles/java-tutorials-for-beginners-76/UltimateJavaCheatSheet.pdf
videoNo 78,https://api.codewithharry.com/media/videoSeriesFiles/courseFiles/java-tutorials-for-beginners-78/Ch14_java.pdf
videoNo 78,https://api.codewithharry.com/media/videoSeriesFiles/courseFiles/java-tutorials-for-beginners-78/UltimateJavaCheatSheet.pdf
videoNo 79,https://api.codewithharry.com/media/videoSeriesFiles/courseFiles/java-tutorials-for-beginners-79/Ch14_java.pdf
videoNo 79,https://api.codewithharry.com/media/videoSeriesFiles/courseFiles/java-tutorials-for-beginners-79/UltimateJavaCheatSheet.pdf
videoNo 80,https://api.codewithharry.com/media/videoSeriesFiles/courseFiles/java-tutorials-for-beginners-80/Ch14_java.pdf
videoNo 80,https://api.codewithharry.com/media/videoSeriesFiles/courseFiles/java-tutorials-for-beginners-80/UltimateJavaCheatSheet.pdf
videoNo 81,https://api.codewithharry.com/media/videoSeriesFiles/courseFiles/java-tutorials-for-beginners-81/Ch14_java.pdf
videoNo 81,https://api.codewithharry.com/media/videoSeriesFiles/courseFiles/java-tutorials-for-beginners-81/UltimateJavaCheatSheet.pdf
videoNo 82,https://api.codewithharry.com/media/videoSeriesFiles/courseFiles/java-tutorials-for-beginners-82/Ch14_java.pdf
videoNo 82,https://api.codewithharry.com/media/videoSeriesFiles/courseFiles/java-tutorials-for-beginners-82/UltimateJavaCheatSheet.pdf
videoNo 83,https://api.codewithharry.com/media/videoSeriesFiles/courseFiles/java-tutorials-for-beginners-83/Ch14_java.pdf
videoNo 83,https://api.codewithharry.com/media/videoSeriesFiles/courseFiles/java-tutorials-for-beginners-83/UltimateJavaCheatSheet.pdf
videoNo 84,https://api.codewithharry.com/media/videoSeriesFiles/courseFiles/java-tutorials-for-beginners-84/Ch14_java.pdf
videoNo 84,https://api.codewithharry.com/media/videoSeriesFiles/courseFiles/java-tutorials-for-beginners-84/UltimateJavaCheatSheet.pdf
videoNo 85,https://api.codewithharry.com/media/videoSeriesFiles/courseFiles/java-tutorials-for-beginners-85/Ch14_java.pdf
videoNo 85,https://api.codewithharry.com/media/videoSeriesFiles/courseFiles/java-tutorials-for-beginners-85/UltimateJavaCheatSheet.pdf
videoNo 86,https://api.codewithharry.com/media/videoSeriesFiles/courseFiles/java-tutorials-for-beginners-86/Ch14PS.pdf
videoNo 88,https://api.codewithharry.com/media/videoSeriesFiles/courseFiles/java-tutorials-for-beginners-88/UltimateJavaCheatSheet.pdf
videoNo 89,https://api.codewithharry.com/media/videoSeriesFiles/courseFiles/java-tutorials-for-beginners-89/UltimateJavaCheatSheet.pdf
videoNo 90,https://api.codewithharry.com/media/videoSeriesFiles/courseFiles/java-tutorials-for-beginners-90/UltimateJavaCheatSheet.pdf
videoNo 92,https://api.codewithharry.com/media/videoSeriesFiles/courseFiles/java-tutorials-for-beginners-92/UltimateJavaCheatSheet.pdf
videoNo 93,https://api.codewithharry.com/media/videoSeriesFiles/courseFiles/java-tutorials-for-beginners-93/UltimateJavaCheatSheet.pdf
videoNo 93,https://api.codewithharry.com/media/videoSeriesFiles/courseFiles/java-tutorials-for-beginners-93/UltimateJavaCheatSheet.pdf
videoNo 94,https://api.codewithharry.com/media/videoSeriesFiles/courseFiles/java-tutorials-for-beginners-94/UltimateJavaCheatSheet.pdf
videoNo 95,https://api.codewithharry.com/media/videoSeriesFiles/courseFiles/java-tutorials-for-beginners-95/UltimateJavaCheatSheet.pdf
videoNo 96,https://api.codewithharry.com/media/videoSeriesFiles/courseFiles/java-tutorials-for-beginners-96/UltimateJavaCheatSheet.pdf
videoNo 97,https://api.codewithharry.com/media/videoSeriesFiles/courseFiles/java-tutorials-for-beginners-97/UltimateJavaCheatSheet.pdf
videoNo 101,https://api.codewithharry.com/media/videoSeriesFiles/courseFiles/java-tutorials-for-beginners-101/ch15advjava.pdf
videoNo 102,https://api.codewithharry.com/media/videoSeriesFiles/courseFiles/java-tutorials-for-beginners-102/ch15javaps.pdf
videoNo 111,https://api.codewithharry.com/media/videoSeriesFiles/courseFiles/java-tutorials-for-beginners-111/AdvancedJava2Notes.pdf
